"TempF","ChirpsPerMin"
88.59999847,15.5
71.59999847,14.5
93.30000305,17.5
84.30000305,17.4
80.59999847,17.10000038
75.19999695,15.5
69.69999695,14.69999981
82,17.10000038
69.40000153,15.39999962
83.30000305,16.20000076
79.59999847,15
82.59999847,17.20000076
80.59999847,16
83.5,17
76.30000305,14.39999962
